-- User
INSERT INTO techmaster.user (id, created_at, updated_at, birth_date, email, first_name, last_name, password, phone, created_by, updated_by) VALUES (1, '2024-10-19 06:32:23.672498', '2024-10-19 06:32:23.672498', '2002-03-31', 'dunglv202@gmail.com', 'Dũng', 'Lưu Văn', '$2a$10$Hg0597iUouDRx3eVZNTtmOHkL9ZIwYAvXfyv9C8jOAkmchyQOwzW6', '0915256416', null, null);

-- Categories
INSERT INTO techmaster.category (id, name, code, thumbnail) VALUES (3, 'Tài liệu', 'documentary', 'https://cdn.dribbble.com/userupload/16030751/file/original-97f30e5dcac96e9367af55973fd7cdbc.png?resize=752x');
INSERT INTO techmaster.category (id, name, code, thumbnail) VALUES (5, 'Hoạt hình', 'cartoon', 'https://htvc.vn/uploads/editor/images/kung-fu-panda-3-team.jpg');
INSERT INTO techmaster.category (id, name, code, thumbnail) VALUES (1, 'Kinh dị', 'horror', 'https://media.gq.com/photos/59efa5f866e2d56abcd7a055/4:3/w_1728,h_1296,c_limit/state-of-horror-gq.jpg');
INSERT INTO techmaster.category (id, name, code, thumbnail) VALUES (4, 'Tình cảm', 'romantic', 'https://static.toiimg.com/thumb/msid-112944006,width-1280,height-720,imgsize-347698,resizemode-6,overlay-toi_sw,pt-32,y_pad-40/photo.jpg');
INSERT INTO techmaster.category (id, name, code, thumbnail) VALUES (2, 'Hành động', 'action', 'https://static.vecteezy.com/system/resources/thumbnails/028/574/877/small_2x/action-shot-with-man-on-the-run-dynamic-scene-in-action-movie-blockbuster-style-generated-ai-photo.jpg');

-- Movies
INSERT INTO techmaster.movie (id, created_at, updated_at, actors, description, director, duration_in_minutes, final_screening, name, premiere_date, thumbnail, trailer, created_by, updated_by) VALUES (1, null, null, null, null, null, 120, '2024-10-31 12:42:31.000000', 'Joker', '2024-10-15 12:43:46.000000', 'https://rukminim2.flixcart.com/image/850/1000/k0h12fk0/poster/r/e/m/medium-joker-movie-poster-for-room-office-13-inch-x-19-inch-original-imafk9cfehvuwyha.jpeg?q=90&crop=false', 'https://www.youtube.com/embed/_OKAwz2MsJs', null, null);
INSERT INTO techmaster.movie (id, created_at, updated_at, actors, description, director, duration_in_minutes, final_screening, name, premiere_date, thumbnail, trailer, created_by, updated_by) VALUES (2, null, null, null, null, null, 120, '2024-10-31 12:42:31.000000', 'Deadpool & Wolverine', '2024-10-15 12:43:46.000000', 'https://iguov8nhvyobj.vcdn.cloud/media/catalog/product/cache/1/image/1800x/71252117777b696995f01934522c402d/4/7/470x700-deadpool.jpg', 'https://www.youtube.com/embed/uJMCNJP2ipI', null, null);
INSERT INTO techmaster.movie (id, created_at, updated_at, actors, description, director, duration_in_minutes, final_screening, name, premiere_date, thumbnail, trailer, created_by, updated_by) VALUES (3, null, null, null, null, null, 120, '2024-10-31 12:42:31.000000', 'At Cafe 6', '2024-10-15 12:43:46.000000', 'https://ramestar.vn/media/uploaded/2016/11/22/At-Cafe-6-poster.jpg', 'https://www.youtube.com/embed/IkYjt7jaWzc', null, null);
INSERT INTO techmaster.movie (id, created_at, updated_at, actors, description, director, duration_in_minutes, final_screening, name, premiere_date, thumbnail, trailer, created_by, updated_by) VALUES (4, null, null, null, null, null, 120, '2024-10-31 12:42:31.000000', 'Kungfu Panda', '2024-10-15 12:43:46.000000', 'https://i.pinimg.com/originals/75/eb/1d/75eb1d3c965ddac7771f22ee43525ee3.jpg', 'https://www.youtube.com/embed/siLm9q4WIjI', null, null);
INSERT INTO techmaster.movie (id, created_at, updated_at, actors, description, director, duration_in_minutes, final_screening, name, premiere_date, thumbnail, trailer, created_by, updated_by) VALUES (5, null, null, null, null, null, 120, '2024-10-31 12:42:31.000000', 'Advengers: Endgame', '2024-10-25 12:43:46.000000', 'https://photo.znews.vn/w660/Uploaded/xbhunku/2019_03_15/D1nkY7UVAAUs7KN.jpg', 'https://www.youtube.com/embed/TcMBFSGVi1c', null, null);
INSERT INTO techmaster.movie (id, created_at, updated_at, actors, description, director, duration_in_minutes, final_screening, name, premiere_date, thumbnail, trailer, created_by, updated_by) VALUES (6, null, null, null, null, null, 120, '2024-10-31 12:42:31.000000', 'You are apple of my eyes', '2024-10-25 12:43:46.000000', 'https://indieglory.wordpress.com/wp-content/uploads/2012/05/602614d4b856ce6c08cfeb0b6a52c383_40628441-youaretheappleofmyeyes.jpg?w=584', 'https://www.youtube.com/embed/gQylx2S9yrM', null, null);
INSERT INTO techmaster.movie (id, created_at, updated_at, actors, description, director, duration_in_minutes, final_screening, name, premiere_date, thumbnail, trailer, created_by, updated_by) VALUES (7, null, null, null, null, null, 120, '2024-10-31 12:42:31.000000', 'Fast & Furious', '2024-10-25 12:43:46.000000', 'https://m.media-amazon.com/images/I/61bpLgRa+hL._AC_UF894,1000_QL80_.jpg', 'https://www.youtube.com/embed/FUK2kdPsBws', null, null);
INSERT INTO techmaster.movie (id, created_at, updated_at, actors, description, director, duration_in_minutes, final_screening, name, premiere_date, thumbnail, trailer, created_by, updated_by) VALUES (8, null, null, null, null, null, 120, '2024-10-31 12:42:31.000000', 'World War Z', '2024-10-25 12:43:46.000000', 'https://m.media-amazon.com/images/M/MV5BODg3ZTM2YWQtZDE5Ny00NGNiLTkzYjgtYWVlYjNkOTg5NDI1XkEyXkFqcGc@._V1_.jpg', 'https://www.youtube.com/embed/4EC7P5WdUko', null, null);

-- Movie categories
INSERT INTO techmaster.movie_categories (movie_id, categories_id) VALUES (1, 1);
INSERT INTO techmaster.movie_categories (movie_id, categories_id) VALUES (1, 2);
INSERT INTO techmaster.movie_categories (movie_id, categories_id) VALUES (2, 2);
INSERT INTO techmaster.movie_categories (movie_id, categories_id) VALUES (3, 4);
INSERT INTO techmaster.movie_categories (movie_id, categories_id) VALUES (4, 5);
INSERT INTO techmaster.movie_categories (movie_id, categories_id) VALUES (5, 2);
INSERT INTO techmaster.movie_categories (movie_id, categories_id) VALUES (6, 4);
INSERT INTO techmaster.movie_categories (movie_id, categories_id) VALUES (7, 2);
INSERT INTO techmaster.movie_categories (movie_id, categories_id) VALUES (8, 2);

-- Location
INSERT INTO techmaster.location (id, code, name) VALUES (1, 'hanoi', 'Hà Nội');
INSERT INTO techmaster.location (id, code, name) VALUES (2, 'da-nang', 'Đà Nẵng');
INSERT INTO techmaster.location (id, code, name) VALUES (3, 'ho-chi-minh', 'Hồ Chí Minh');

-- Cinema
INSERT INTO techmaster.cinema (id, created_at, updated_at, name, seats, created_by, updated_by, location_id) VALUES (1, null, null, 'CGV Aeon Hà Đông', null, null, null, 1);
INSERT INTO techmaster.cinema (id, created_at, updated_at, name, seats, created_by, updated_by, location_id) VALUES (2, null, null, 'CGV Hùng Vương Plaza', null, null, null, 3);

-- Room
INSERT INTO techmaster.room (id, created_at, updated_at, name, created_by, updated_by, cinema_id) VALUES (1, null, null, 'Phòng chiếu 01', null, null, 1);
INSERT INTO techmaster.room (id, created_at, updated_at, name, created_by, updated_by, cinema_id) VALUES (2, null, null, 'Phòng chiếu 03', null, null, 2);

-- Schedule
INSERT INTO techmaster.schedule (id, created_at, updated_at, end, normal_price, vip_price, seats, start, created_by, updated_by, cinema_id, movie_id, room_id) VALUES (1, null, '2024-10-19 06:34:02.321132', '2024-10-20 18:00:00.000000', 70000, 100000, '[[{"type": "STANDARD", "status": "VACANT"}, {"type": "STANDARD", "status": "VACANT"}, {"type": "STANDARD", "status": "VACANT"}, {"type": "STANDARD", "status": "VACANT"}, {"type": "STANDARD", "status": "VACANT"}, {"type": "STANDARD", "status": "VACANT"}, {"type": "STANDARD", "status": "VACANT"}, {"type": "STANDARD", "status": "VACANT"}, {"type": "STANDARD", "status": "VACANT"}, {"type": "STANDARD", "status": "VACANT"}, {"type": "STANDARD", "status": "VACANT"}, {"type": "STANDARD", "status": "VACANT"}, {"type": "STANDARD", "status": "VACANT"}], [{"type": "STANDARD", "status": "VACANT"}, {"type": "STANDARD", "status": "VACANT"}, {"type": "STANDARD", "status": "VACANT"}, {"type": "STANDARD", "status": "VACANT"}, {"type": "STANDARD", "status": "VACANT"}, {"type": "STANDARD", "status": "VACANT"}, {"type": "STANDARD", "status": "VACANT"}, {"type": "STANDARD", "status": "VACANT"}, {"type": "STANDARD", "status": "VACANT"}, {"type": "STANDARD", "status": "VACANT"}, {"type": "STANDARD", "status": "VACANT"}, {"type": "STANDARD", "status": "VACANT"}, {"type": "STANDARD", "status": "VACANT"}], [{"type": "STANDARD", "status": "VACANT"}, {"type": "STANDARD", "status": "VACANT"}, {"type": "STANDARD", "status": "VACANT"}, {"type": "STANDARD", "status": "VACANT"}, {"type": "STANDARD", "status": "VACANT"}, {"type": "STANDARD", "status": "VACANT"}, {"type": "STANDARD", "status": "VACANT"}, {"type": "STANDARD", "status": "OCCUPIED"}, {"type": "STANDARD", "status": "OCCUPIED"}, {"type": "STANDARD", "status": "VACANT"}, {"type": "STANDARD", "status": "VACANT"}, {"type": "STANDARD", "status": "VACANT"}, {"type": "STANDARD", "status": "VACANT"}], [{"type": "STANDARD", "status": "VACANT"}, {"type": "STANDARD", "status": "VACANT"}, {"type": "STANDARD", "status": "VACANT"}, {"type": "STANDARD", "status": "VACANT"}, {"type": "STANDARD", "status": "VACANT"}, {"type": "STANDARD", "status": "VACANT"}, {"type": "STANDARD", "status": "VACANT"}, {"type": "STANDARD", "status": "VACANT"}, {"type": "STANDARD", "status": "VACANT"}, {"type": "STANDARD", "status": "VACANT"}, {"type": "STANDARD", "status": "VACANT"}, {"type": "STANDARD", "status": "VACANT"}, {"type": "STANDARD", "status": "VACANT"}], [{"type": "STANDARD", "status": "VACANT"}, {"type": "STANDARD", "status": "VACANT"}, {"type": "STANDARD", "status": "VACANT"}, {"type": "STANDARD", "status": "VACANT"}, {"type": "STANDARD", "status": "OCCUPIED"}, {"type": "STANDARD", "status": "OCCUPIED"}, {"type": "STANDARD", "status": "OCCUPIED"}, {"type": "STANDARD", "status": "OCCUPIED"}, {"type": "STANDARD", "status": "OCCUPIED"}, {"type": "STANDARD", "status": "VACANT"}, {"type": "STANDARD", "status": "VACANT"}, {"type": "STANDARD", "status": "VACANT"}, {"type": "STANDARD", "status": "VACANT"}], [{"type": "STANDARD", "status": "VACANT"}, {"type": "VIP", "status": "VACANT"}, {"type": "VIP", "status": "VACANT"}, {"type": "VIP", "status": "VACANT"}, {"type": "VIP", "status": "VACANT"}, {"type": "VIP", "status": "VACANT"}, {"type": "VIP", "status": "VACANT"}, {"type": "VIP", "status": "VACANT"}, {"type": "VIP", "status": "VACANT"}, {"type": "VIP", "status": "VACANT"}, {"type": "VIP", "status": "VACANT"}, {"type": "VIP", "status": "VACANT"}, {"type": "VIP", "status": "VACANT"}], [{"type": "VIP", "status": "VACANT"}, {"type": "VIP", "status": "VACANT"}, {"type": "VIP", "status": "VACANT"}, {"type": "VIP", "status": "OCCUPIED"}, {"type": "VIP", "status": "OCCUPIED"}, {"type": "VIP", "status": "VACANT"}, {"type": "VIP", "status": "VACANT"}, {"type": "VIP", "status": "VACANT"}, {"type": "VIP", "status": "VACANT"}, {"type": "VIP", "status": "VACANT"}, {"type": "VIP", "status": "VACANT"}, {"type": "VIP", "status": "VACANT"}, {"type": "VIP", "status": "VACANT"}], [{"type": "VIP", "status": "VACANT"}, {"type": "VIP", "status": "VACANT"}, {"type": "VIP", "status": "VACANT"}, {"type": "VIP", "status": "VACANT"}, {"type": "VIP", "status": "VACANT"}, {"type": "VIP", "status": "VACANT"}, {"type": "VIP", "status": "VACANT"}, {"type": "VIP", "status": "VACANT"}, {"type": "VIP", "status": "VACANT"}, {"type": "VIP", "status": "VACANT"}, {"type": "VIP", "status": "VACANT"}, {"type": "VIP", "status": "VACANT"}, {"type": "VIP", "status": "VACANT"}]]', '2024-10-20 16:00:00.000000', null, 1, 1, 1, 1);
INSERT INTO techmaster.schedule (id, created_at, updated_at, end, normal_price, vip_price, seats, start, created_by, updated_by, cinema_id, movie_id, room_id) VALUES (2, null, '2024-10-19 06:51:55.271005', '2024-10-25 21:00:00.000000', 80000, 120000, '[[{"type": "STANDARD", "status": "VACANT"}, {"type": "STANDARD", "status": "VACANT"}, {"type": "STANDARD", "status": "VACANT"}, {"type": "STANDARD", "status": "VACANT"}, {"type": "STANDARD", "status": "VACANT"}, {"type": "STANDARD", "status": "VACANT"}, {"type": "STANDARD", "status": "VACANT"}, {"type": "STANDARD", "status": "VACANT"}, {"type": "STANDARD", "status": "VACANT"}, {"type": "STANDARD", "status": "VACANT"}, {"type": "STANDARD", "status": "VACANT"}, {"type": "STANDARD", "status": "VACANT"}, {"type": "STANDARD", "status": "VACANT"}], [{"type": "STANDARD", "status": "VACANT"}, {"type": "STANDARD", "status": "VACANT"}, {"type": "STANDARD", "status": "VACANT"}, {"type": "STANDARD", "status": "VACANT"}, {"type": "STANDARD", "status": "VACANT"}, {"type": "STANDARD", "status": "VACANT"}, {"type": "STANDARD", "status": "VACANT"}, {"type": "STANDARD", "status": "VACANT"}, {"type": "STANDARD", "status": "VACANT"}, {"type": "STANDARD", "status": "VACANT"}, {"type": "STANDARD", "status": "VACANT"}, {"type": "STANDARD", "status": "VACANT"}, {"type": "STANDARD", "status": "VACANT"}], [{"type": "STANDARD", "status": "VACANT"}, {"type": "STANDARD", "status": "VACANT"}, {"type": "STANDARD", "status": "VACANT"}, {"type": "STANDARD", "status": "VACANT"}, {"type": "STANDARD", "status": "VACANT"}, {"type": "STANDARD", "status": "VACANT"}, {"type": "STANDARD", "status": "VACANT"}, {"type": "STANDARD", "status": "VACANT"}, {"type": "STANDARD", "status": "VACANT"}, {"type": "STANDARD", "status": "VACANT"}, {"type": "STANDARD", "status": "VACANT"}, {"type": "STANDARD", "status": "VACANT"}, {"type": "STANDARD", "status": "VACANT"}], [{"type": "STANDARD", "status": "VACANT"}, {"type": "STANDARD", "status": "VACANT"}, {"type": "STANDARD", "status": "VACANT"}, {"type": "STANDARD", "status": "VACANT"}, {"type": "STANDARD", "status": "VACANT"}, {"type": "STANDARD", "status": "VACANT"}, {"type": "STANDARD", "status": "VACANT"}, {"type": "STANDARD", "status": "VACANT"}, {"type": "STANDARD", "status": "VACANT"}, {"type": "STANDARD", "status": "VACANT"}, {"type": "STANDARD", "status": "VACANT"}, {"type": "STANDARD", "status": "VACANT"}, {"type": "STANDARD", "status": "VACANT"}], [{"type": "VIP", "status": "VACANT"}, {"type": "VIP", "status": "VACANT"}, {"type": "VIP", "status": "VACANT"}, {"type": "VIP", "status": "VACANT"}, {"type": "VIP", "status": "VACANT"}, {"type": "VIP", "status": "VACANT"}, {"type": "VIP", "status": "VACANT"}, {"type": "VIP", "status": "VACANT"}, {"type": "VIP", "status": "VACANT"}, {"type": "VIP", "status": "VACANT"}, {"type": "VIP", "status": "VACANT"}, {"type": "VIP", "status": "VACANT"}, {"type": "VIP", "status": "VACANT"}], [{"type": "VIP", "status": "VACANT"}, {"type": "VIP", "status": "VACANT"}, {"type": "VIP", "status": "VACANT"}, {"type": "VIP", "status": "VACANT"}, {"type": "VIP", "status": "VACANT"}, {"type": "VIP", "status": "VACANT"}, {"type": "VIP", "status": "VACANT"}, {"type": "VIP", "status": "VACANT"}, {"type": "VIP", "status": "VACANT"}, {"type": "VIP", "status": "VACANT"}, {"type": "VIP", "status": "VACANT"}, {"type": "VIP", "status": "VACANT"}, {"type": "VIP", "status": "VACANT"}], [{"type": "VIP", "status": "VACANT"}, {"type": "VIP", "status": "VACANT"}, {"type": "VIP", "status": "VACANT"}, {"type": "VIP", "status": "VACANT"}, {"type": "VIP", "status": "VACANT"}, {"type": "VIP", "status": "VACANT"}, {"type": "VIP", "status": "VACANT"}, {"type": "VIP", "status": "VACANT"}, {"type": "VIP", "status": "VACANT"}, {"type": "VIP", "status": "VACANT"}, {"type": "VIP", "status": "VACANT"}, {"type": "VIP", "status": "VACANT"}, {"type": "VIP", "status": "VACANT"}], [{"type": "VIP", "status": "VACANT"}, {"type": "VIP", "status": "VACANT"}, {"type": "VIP", "status": "VACANT"}, {"type": "VIP", "status": "VACANT"}, {"type": "VIP", "status": "VACANT"}, {"type": "VIP", "status": "VACANT"}, {"type": "VIP", "status": "VACANT"}, {"type": "VIP", "status": "VACANT"}, {"type": "VIP", "status": "VACANT"}, {"type": "VIP", "status": "VACANT"}, {"type": "VIP", "status": "VACANT"}, {"type": "VIP", "status": "VACANT"}, {"type": "VIP", "status": "VACANT"}]]', '2024-10-25 19:00:00.000000', null, 1, 2, 3, 2);

-- Booking
INSERT INTO techmaster.booking (id, created_at, updated_at, grand_total, payment_deadline, payment_ref, status, timestamp, created_by, updated_by, schedule_id, user_id) VALUES (1, '2024-10-19 06:33:09.481491', '2024-10-19 06:34:02.322141', 690000, '2024-10-19 13:43:09.475970', '1-SJ0UIO', 'PAID', '2024-10-19 13:33:09.475970', 1, 1, 1, 1);
INSERT INTO techmaster.booking (id, created_at, updated_at, grand_total, payment_deadline, payment_ref, status, timestamp, created_by, updated_by, schedule_id, user_id) VALUES (2, '2024-10-19 06:45:26.543459', '2024-10-19 06:45:29.963770', 240000, '2024-10-19 13:55:26.543459', '2-BIPLN7', 'CANCELED', '2024-10-19 13:45:26.543459', 1, 1, 2, 1);

-- Booking seats
INSERT INTO techmaster.booking_seats (booking_id, seats) VALUES (1, 'E5');
INSERT INTO techmaster.booking_seats (booking_id, seats) VALUES (1, 'E6');
INSERT INTO techmaster.booking_seats (booking_id, seats) VALUES (1, 'E7');
INSERT INTO techmaster.booking_seats (booking_id, seats) VALUES (1, 'E8');
INSERT INTO techmaster.booking_seats (booking_id, seats) VALUES (1, 'E9');
INSERT INTO techmaster.booking_seats (booking_id, seats) VALUES (1, 'C8');
INSERT INTO techmaster.booking_seats (booking_id, seats) VALUES (1, 'C9');
INSERT INTO techmaster.booking_seats (booking_id, seats) VALUES (1, 'G4');
INSERT INTO techmaster.booking_seats (booking_id, seats) VALUES (1, 'G5');
INSERT INTO techmaster.booking_seats (booking_id, seats) VALUES (2, 'E8');
INSERT INTO techmaster.booking_seats (booking_id, seats) VALUES (2, 'E9');
